"Name","Pin","Function","Symbolic name","Direction","Mode","Pad level","Pad strength","Pin function","Pad class","Power domain","Reset state","Comment"
"AGBTCLKN (VSS)","T12","","","","","","","","LVDS_RX","VEXT","",""
"AGBTCLKP (VSS)","R12","","","","","","","","LVDS_RX","VEXT","",""
"AGBTERR (VSS)","T19","","","","","","","","FAST","VEXT","PD",""
"AGBTTXN (VSS)","W15","","","","","","","","LVDS_TX","VEXT","",""
"AGBTTXP (VSS)","W16","","","","","","","","LVDS_TX","VEXT","",""
"AN0","AA15","","","","","","","","D","VDDM","HighZ",""
"AN1","AB15","","","","","","","","D","VDDM","HighZ",""
"AN2","AD14","","","","","","","","D","VDDM","HighZ",""
"AN3","AB14","","","","","","","","D","VDDM","HighZ",""
"AN4","AA14","","","","","","","","D","VDDM","HighZ",""
"AN5","AE14","","","","","","","","D","VDDM","HighZ",""
"AN6","AA13","","","","","","","","D","VDDM","HighZ",""
"AN7","AB13","","","","","","","","D","VDDM","HighZ",""
"AN8","AD13","","","","","","","","D","VDDM","HighZ",""
"AN9","AB12","","","","","","","","D","VDDM","HighZ",""
"AN10","AE13","","","","","","","","D","VDDM","HighZ",""
"AN11","AD12","","","","","","","","D","VDDM","HighZ",""
"AN12","AA12","","","","","","","","D","VDDM","HighZ",""
"AN13","AD11","","","","","","","","D","VDDM","HighZ",""
"AN14","AB11","","","","","","","","D","VDDM","HighZ",""
"AN15","AA11","","","","","","","","D","VDDM","HighZ",""
"AN16","AD10","","","","","","","","D","VDDM","HighZ",""
"AN20","AE8","","","","","","","","D","VDDM","HighZ",""
"AN21","AE7","","","","","","","","D","VDDM","HighZ",""
"AN22","AA10","","","","","","","","D","VDDM","HighZ",""
"AN23","Y10","","","","","","","","D","VDDM","HighZ",""
"AN30","AA9","","","","","","","","D","VDDM","HighZ",""
"AN31","Y9","","","","","","","","D","VDDM","HighZ",""
"AN34","W10","","","","","","","","D","VDDM","HighZ",""
"AN35","Y7","","","","","","","","D","VDDM","HighZ",""
"AN40","U10","","","","","","","","D","VDDM","HighZ",""
"AN41","U9","","","","","","","","D","VDDM","HighZ",""
"AN42","T10","","","","","","","","D","VDDM","HighZ",""
"AN43","T9","","","","","","","","D","VDDM","HighZ",""
"AN44","V6","","","","","","","","D","VDDM","HighZ",""
"AN45","V7","","","","","","","","D","VDDM","HighZ",""
"AN46","U6","","","","","","","","D","VDDM","HighZ",""
"AN47","U7","","","","","","","","D","VDDM","HighZ",""
"AN48","AK7","G5_QREQ0_CH0","MCU_ADC_LSD1_R","","","","","","D","VDDM","HighZ",""
"AN49","AJ7","","","","","","","","D","VDDM","HighZ",""
"AN50","AJ6","","","","","","","","D","VDDM","HighZ",""
"AN51","AK6","","","","","","","","D","VDDM","HighZ",""
"AN52","AJ5","","","","","","","","D","VDDM","HighZ",""
"AN53","AK5","","","","","","","","D","VDDM","HighZ",""
"AN56","AF1","","","","","","","","D","VDDM","HighZ",""
"AN57","AF2","G6_QREQ0_CH1","MCU_HSD1_IS","","","","","","D","VDDM","HighZ",""
"AN58","AE2","","","","","","","","D","VDDM","HighZ",""
"AN59","AE1","","","","","","","","D","VDDM","HighZ",""
"AN60","AD1","","","","","","","","D","VDDM","HighZ",""
"AN61","AD2","","","","","","","","D","VDDM","HighZ",""
"AN65","AB1","","","","","","","","D","VDDM","HighZ",""
"AN66","AA2","","","","","","","","D","VDDM","HighZ",""
"AN72","V1","DSADC_CH13_AN0P","DSADC_CH13_AN0P","","","","","","D","VDDM","HighZ",""
"AN73","V2","","","","","","","","D","VDDM","HighZ",""
"AN17/P40.10","AB10","","","","Tri-state","","","Digital","S","VDDM","HighZ",""
"AN18/P40.11","AD9","","","","Tri-state","","","Digital","S","VDDM","HighZ",""
"AN19/P40.12","AD8","","","","Tri-state","","","Digital","S","VDDM","HighZ",""
"AN24/P40.0","AD7","","","","Tri-state","","","Digital","S","VDDM","HighZ",""
"AN25/P40.1","AD6","","","","Tri-state","","","Digital","S","VDDM","HighZ",""
"AN26/P40.2","AC7","","","","Tri-state","","","Digital","S","VDDM","HighZ",""
"AN27/P40.3","AC6","G3_QREQ0_CH3","MCU_HBR2_IS","","","","","Analog","S","VDDM","HighZ",""
"AN28/P40.13","AB7","","","","Tri-state","","","Digital","S","VDDM","HighZ",""
"AN29/P40.14","AB6","","","","Tri-state","","","Digital","S","VDDM","HighZ",""
"AN32/P40.4","W9","","","","Tri-state","","","Digital","S","VDDM","HighZ",""
"AN33/P40.5","Y6","","","","Tri-state","","","Digital","S","VDDM","HighZ",""
"AN36/P40.6","V9","","","","Tri-state","","","Digital","S","VDDM","HighZ",""
"AN37/P40.7","W7","","","","Tri-state","","","Digital","S","VDDM","HighZ",""
"AN38/P40.8","V10","","","","Tri-state","","","Digital","S","VDDM","HighZ",""
"AN39/P40.9","W6","","","","Tri-state","","","Digital","S","VDDM","HighZ",""
"AN54/P41.4","AJ4","","","","Tri-state","","","Digital","S","VDDM","HighZ",""
"AN55/P41.5","AK4","","","","Tri-state","","","Digital","S","VDDM","HighZ",""
"AN62/P41.6","AC2","","","","Tri-state","","","Digital","S","VDDM","HighZ",""
"AN63/P41.7","AC1","","","","Tri-state","","","Digital","S","VDDM","HighZ",""
"AN64/P41.8","AB2","","","","Tri-state","","","Digital","S","VDDM","HighZ",""
"AN67/P40.15","AA1","","","","Tri-state","","","Digital","S","VDDM","HighZ",""
"AN68/P41.0","Y1","G7_QREQ0_CH4","MCU_EFUSE1_IS","","","","","Analog","S","VDDM","HighZ",""
"AN69/P41.1","Y2","","","","Tri-state","","","Digital","S","VDDM","HighZ",""
"AN70/P41.2","W1","","","","Tri-state","","","Digital","S","VDDM","HighZ",""
"AN71/P41.3","W2","","","","Tri-state","","","Digital","S","VDDM","HighZ",""
"DAPE0","R19","","","","","","","","FAST","VEXT","PD2",""
"DAPE1","M16","","","","","","","","FAST","VEXT","PD2",""
"DAPE2","M15","","","","","","","","FAST","VEXT","PD2",""
"NC","B20","","","","","","","","","","",""
"NC","B21","","","","","","","","","","",""
"NC","B25","","","","","","","","","","",""
"NC","B26","","","","","","","","","","",""
"NC","B27","","","","","","","","","","",""
"NC","D29","","","","","","","","","","",""
"NC","E1","","","","","","","","","","",""
"NC","F29","","","","","","","","","","",""
"NC","E2","","","","","","","","","","",""
"NC","A3","","","","","","","","","","",""
"NC","A4","","","","","","","","","","",""
"NC","A8","","","","","","","","","","",""
"NC","A9","","","","","","","","","","",""
"NC","R1","","","","","","","","","","",""
"NC","D30","","","","","","","","","","",""
"NC","A10","","","","","","","","","","",""
"NC","R2","","","","","","","","","","",""
"NC","F30","","","","","","","","","","",""
"NC","J1","","","","","","","","","","",""
"NC","A17","","","","","","","","","","",""
"NC","AJ1","","","","","","","","","","",""
"NC","AJ2","","","","","","","","","","",""
"NC","AJ3","","","","","","","","","","",""
"NC","B1","","","","","","","","","","",""
"NC","B4","","","","","","","","","","",""
"NC","B6","","","","","","","","","","",""
"NC","B9","","","","","","","","","","",""
"NC","AJ20","","","","","","","","","","",""
"NC","A21","","","","","","","","","","",""
"NC","A25","","","","","","","","","","",""
"NC","A26","","","","","","","","","","",""
"NC","A27","","","","","","","","","","",""
"NC","A28","","","","","","","","","","",""
"NC","AK2","","","","","","","","","","",""
"NC","AK3","","","","","","","","","","",""
"NC","C29","","","","","","","","","","",""
"NC","E29","","","","","","","","","","",""
"NC","C1","","","","","","","","","","",""
"NC","C2","","","","","","","","","","",""
"NC","G29","","","","","","","","","","",""
"NC","T1","","","","","","","","","","",""
"NC","B10","","","","","","","","","","",""
"NC","C30","","","","","","","","","","",""
"NC","E30","","","","","","","","","","",""
"NC","G30","","","","","","","","","","",""
"NC","B14","","","","","","","","","","",""
"NC","B17","","","","","","","","","","",""
"NC","H1","","","","","","","","","","",""
"NC","AH1","","","","","","","","","","",""
"NC","H2","","","","","","","","","","",""
"NC","AH2","","","","","","","","","","",""
"NC","D1","","","","","","","","","","",""
"NC","D2","","","","","","","","","","",""
"NC","W30","","","","","","","","","","",""
"NC1","A1","","","","","","","","","","",""
"NC1","F6","","","","","","","","","","",""
"NC1","AE6","","","","","","","","","","",""
"NC1","V30","","","","","","","","","","",""
"NC1","AK1","","","","","","","","","","",""
"NC1","AB9","","","","","","","","","","",""
"NC1","V29","","","","","","","","","","",""
"P00.0","M6","","","Input","Pull-up","CMOS/Automotive","","","FAST","VEXT","PU1",""
"P00.1","M7","GPIO","MCU_CAN11_EN","Output","Push-pull","CMOS/Automotive","Speed grade 4","Digital","SLOW","VEXT","PU1","Output pin"
"P00.2","N6","","","Input","Pull-up","CMOS/Automotive","","Digital","SLOW","VEXT","PU1",""
"P00.3","N7","G9_QREQ0_CH9","SBC_AMUX_R","","","CMOS/Automotive","","Analog","SLOW","VEXT","PU1",""
"P00.4","P6","GPIO","MCU_HBR1_CF","Input","Pull-up","CMOS/Automotive","","Digital","SLOW","VEXT","PU1",""
"P00.5","P7","","","Input","Pull-up","CMOS/Automotive","","Digital","SLOW","VEXT","PU1",""
"P00.6","P9","ASCLIN5_RXD","MCU_LIN5_RXD","Input","Pull-up","CMOS/Automotive","","Digital","SLOW","VEXT","PU1",""
"P00.7","R6","ASCLIN5_TXD","MCU_LIN5_TXD","Output","Push-pull","CMOS/Automotive","Speed grade 4","Digital","SLOW","VEXT","PU1",""
"P00.8","R9","GPIO","MCU_CAN11_ERR","Input","Pull-up","CMOS/Automotive","","Digital","SLOW","VEXT","PU1","input pin"
"P00.9","R7","GPIO","MCU_HBR1_RELAY_EN1","Output","Push-pull","CMOS/Automotive","Speed grade 4","Digital","SLOW","VEXT","PU1","output pin"
"P00.10","R10","GPIO","MCU_HBR1_RELAY_EN2","Output","Push-pull","CMOS/Automotive","Speed grade 4","Digital","SLOW","VEXT","PU1",""
"P00.11","T6","GPIO","MCU_HBR2_RELAY_EN1","Output","Push-pull","CMOS/Automotive","Speed grade 4","Digital","SLOW","VEXT","PU1",""
"P00.12","T7","GPIO","MCU_HBR2_RELAY_EN2","Output","Push-pull","CMOS/Automotive","Speed grade 4","Digital","SLOW","VEXT","PU1",""
"P00.13","T2","","","Input","Pull-up","CMOS/Automotive","","","FAST","VEXT","PU1",""
"P00.14","U2","","","Input","Pull-up","CMOS/Automotive","","","SLOW","VEXT","PU1",""
"P00.15","U1","","","Input","Pull-up","CMOS/Automotive","","","FAST","VEXT","PU1",""
"P01.0","J2","ASCLIN6_RXD","MCU_LIN6_RXD","Input","Pull-up","CMOS/Automotive","","","SLOW","VEXT","PU1",""
"P01.1","K1","ASCLIN6_TXD","MCU_LIN6_TXD","Output","Push-pull","CMOS/Automotive","Speed grade 4","","SLOW","VEXT","PU1",""
"P01.2","K2","","","Input","Pull-up","CMOS/Automotive","","","SLOW","VEXT","PU1",""
"P01.3","M10","GPIO","MCU_CAN11_STB","Output","Push-pull","CMOS/Automotive","Speed grade 4","Digital","SLOW","VEXT","PU1",""
"P01.4","M9","","","Input","Pull-up","CMOS/Automotive","","Digital","SLOW","VEXT","PU1",""
"P01.5","N10","","","Input","Pull-up","CMOS/Automotive","","Digital","SLOW","VEXT","PU1",""
"P01.6","N9","GPIO","MCU_LIN7_SLP","Output","Push-pull","CMOS/Automotive","Speed grade 4","","FAST","VEXT","PU1",""
"P01.7","P10","GPIO","MCU_LIN6_SLP","Output","Push-pull","CMOS/Automotive","Speed grade 4","","FAST","VEXT","PU1",""
"P01.8","L1","CAN2_NODE0_RXD","MCU_CAN20_RXD","Input","Pull-up","CMOS/Automotive","","","SLOW","VEXT","PU1",""
"P01.9","L2","ASCLIN7_TXD","MCU_LIN7_TXD","Output","Push-pull","CMOS/Automotive","Speed grade 4","","SLOW","VEXT","PU1",""
"P01.10","M2","","","Input","Pull-up","CMOS/Automotive","","","SLOW","VEXT","PU1",""
"P01.11","M1","","","Input","Pull-up","CMOS/Automotive","","","SLOW","VEXT","PU1",""
"P01.12","N2","","","Input","Pull-up","CMOS/Automotive","","","FAST","VEXT","PU1",""
"P01.13","N1","CAN2_NODE0_TXD","MCU_CAN20_TXD","Output","Push-pull","CMOS/Automotive","Speed grade 4","","FAST","VEXT","PU1",""
"P01.14","P2","","","Input","Pull-up","CMOS/Automotive","","","FAST","VEXT","PU1",""
"P01.15","P1","","","Input","Pull-up","CMOS/Automotive","","","SLOW","VEXT","PU1",""
"P02.0","G6","ASCLIN2_TXD","MCU_LIN2_TXD","Output","Push-pull","CMOS/Automotive","Speed grade 4","","FAST","VEXT","PU1",""
"P02.1","H7","ASCLIN2_RXD","MCU_LIN2_RXD","Input","Pull-up","CMOS/Automotive","","","SLOW","VEXT","PU1",""
"P02.2","H6","","","Input","Pull-up","CMOS/Automotive","","","FAST","VEXT","PU1",""
"P02.3","J7","QSPI3_M_SEL4","MCU_SSC3_CS4","Output","Push-pull","CMOS/Automotive","Speed grade 4","","SLOW","VEXT","PU1",""
"P02.4","J6","","","Input","Pull-up","CMOS/Automotive","","","FAST","VEXT","PU1",""
"P02.5","K7","QSPI3_M_RXD(N)","MCU_SSC3_DI","Input","Pull-up","CMOS/Automotive","","","FAST","VEXT","PU1",""
"P02.6","K6","QSPI3_M_TXD","MCU_SSC3_DO","Output","Push-pull","CMOS/Automotive","Speed grade 4","","FAST","VEXT","PU1",""
"P02.7","L7","QSPI3_M_CLK","MCU_SSC3_CLK","Output","Push-pull","CMOS/Automotive","Speed grade 4","","FAST","VEXT","PU1",""
"P02.8","L6","QSPI3_M_SEL5","MCU_SSC3_CS","Output","Push-pull","CMOS/Automotive","Speed grade 4","","SLOW","VEXT","PU1",""
"P02.9","K9","GPIO","MCU_ZCU_PWR_RELAY_EN1","Output","Push-pull","CMOS/Automotive","Speed grade 4","","SLOW","VEXT","PU1",""
"P02.10","L10","GPIO","MCU_ZCU_PWR_RELAY_EN2","Output","Push-pull","CMOS/Automotive","Speed grade 4","","SLOW","VEXT","PU1",""
"P02.11","L9","GPIO","MCU_ZCU_PWR_RELAY_EN3","Output","Push-pull","CMOS/Automotive","Speed grade 4","Digital","SLOW","VEXT","PU1",""
"P02.12","F2","GPIO","MCU_ZCU_PWR_RELAY_EN4","Output","Push-pull","CMOS/Automotive","Speed grade 4","","SLOW","VEXT","PU1",""
"P02.13","F1","","","Input","Pull-up","CMOS/Automotive","","","SLOW","VEXT","PU1",""
"P02.14","G2","GPIO","MCU_CAN2_STB","Output","Push-pull","CMOS/Automotive","Speed grade 4","","SLOW","VEXT","PU1",""
"P02.15","G1","","","Input","Pull-up","CMOS/Automotive","","","FAST","VEXT","PU1",""
"P10.0","F12","","","Input","Pull-up","CMOS/Automotive","","","SLOW","VEXT","PU1",""
"P10.1","G12","","","Input","Pull-up","CMOS/Automotive","","","FAST","VEXT","PU1",""
"P10.2","F10","","","Input","Pull-up","CMOS/Automotive","","","FAST","VEXT","PU1",""
"P10.3","F11","QSPI1_M_TXD","MCU_SSC1_DO","Output","Push-pull","CMOS/Automotive","Speed grade 4","","FAST","VEXT","PU1",""
"P10.4","G11","","","Input","Pull-up","CMOS/Automotive","","","FAST","VEXT","PU1",""
"P10.5","G10","PMS_HWCFG4","MCU_HWCFG4","Input","Pull-up","CMOS/Automotive","","","SLOW","VEXT","PU2",""
"P10.6","F9","PMS_HWCFG5","MCU_HWCFG5","Input","Pull-up","CMOS/Automotive","","","SLOW","VEXT","PU2",""
"P10.7","F8","","","Input","Pull-up","CMOS/Automotive","","","SLOW","VEXT","PU1",""
"P10.8","G9","GPTONE0_T4IN","SBC_INTB_R","Input","Pull-up","CMOS/Automotive","","","SLOW","VEXT","PU1",""
"P10.9","B8","","","Input","Pull-up","CMOS/Automotive","","","SLOW","VEXT","PU1",""
"P10.10","B7","GPIO","MCU_MUX_ANALOG_EN","Output","Push-pull","CMOS/Automotive","Speed grade 4","","SLOW","VEXT","PU1",""
"P10.11","A7","GPIO","MCU_MUX_ANALOG_A1","Output","Push-pull","CMOS/Automotive","Speed grade 4","","SLOW","VEXT","PU1",""
"P10.13","A6","GPIO","MCU_MUX_ANALOG_A0","Output","Push-pull","CMOS/Automotive","Speed grade 4","","SLOW","VEXT","PU1",""
"P10.14","B5","GPIO","FAN1_SIGNAL_MCU","Input","Pull-up","CMOS/Automotive","","","SLOW","VEXT","PU1",""
"P10.15","A5","GPIO","MCU_PWM_FAN1","Output","Push-pull","CMOS/Automotive","Speed grade 4","","SLOW","VEXT","PU1",""
"P11.0","K15","RGMII0_TXD3","MCU_RGMII_TXD3","Output","Push-pull","CMOS/Automotive","Speed grade 4","","RFAST","VFLEX","PU1",""
"P11.1","K14","RGMII0_TXD2","MCU_RGMII_TXD2","Output","Push-pull","CMOS/Automotive","Speed grade 4","","RFAST","VFLEX","PU1",""
"P11.2","F15","RGMII0_TXD1","MCU_RGMII_TXD1","Output","Push-pull","CMOS/Automotive","Speed grade 4","","RFAST","VFLEX","PU1",""
"P11.3","G15","RGMII0_TXD0","MCU_RGMII_TXD0","Output","Push-pull","CMOS/Automotive","Speed grade 4","","RFAST","VFLEX","PU1",""
"P11.4","J15","RGMII0_TXCLK","MCU_RGMII_TXC","Output","Push-pull","CMOS/Automotive","Speed grade 4","","RFAST","VFLEX","PU1",""
"P11.5","J13","RGMII0_REFCLK","MCU_REFCLK_125MHZ","Input","Pull-up","CMOS/Automotive","","","SLOW","VFLEX","PU1",""
"P11.6","J14","RGMII0_TCTL","MCU_RGMII_TXCTL","Output","Push-pull","CMOS/Automotive","Speed grade 4","","RFAST","VFLEX","PU1",""
"P11.7","K13","RGMII0_RXD3","MCU_RGMII_RXD3","Input","Pull-up","CMOS/Automotive","","","SLOW","VFLEX","PU1",""
"P11.8","K12","RGMII0_RXD2","MCU_RGMII_RXD2","Input","Pull-up","CMOS/Automotive","","","SLOW","VFLEX","PU1",""
"P11.9","F14","RGMII0_RXD1","MCU_RGMII_RXD1","Input","Pull-up","CMOS/Automotive","","","FAST","VFLEX","PU1",""
"P11.10","G14","RGMII0_RXD0","MCU_RGMII_RXD0","Input","Pull-up","CMOS/Automotive","","","FAST","VFLEX","PU1",""
"P11.11","F13","RGMII0_RCTL","MCU_RGMII_RXCTL","Input","Pull-up","CMOS/Automotive","","","FAST","VFLEX","PU1",""
"P11.12","G13","RGMII0_RXCLK","MCU_RGMII_RXC","Input","Pull-up","CMOS/Automotive","","","FAST","VFLEX","PU1",""
"P11.13","K11","I2C1_SDAIN / I2C1_SDA0","MCU_I2C1_SDA_3V3","Input/Output","Pull-up / Push-pull","CMOS/Automotive","Speed grade 4","","SLOW","VFLEX","PU1",""
"P11.14","J12","I2C1_SCLIN / I2C1_SCL0","MCU_I2C1_SCL_3V3","Input/Output","Pull-up / Push-pull","CMOS/Automotive","Speed grade 4","","SLOW","VFLEX","PU1",""
"P11.15","J11","GPIO","MCU_EPHY_RST","Output","Push-pull","CMOS/Automotive","Speed grade 4","","SLOW","VFLEX","PU1",""
"P12.0","K17","RGMII0_MDC","MCU_EPHY_MDC","Output","Push-pull","CMOS/Automotive","Speed grade 4","","SLOW","VFLEX","PU1",""
"P12.1","K16","RGMII0_MDO2 / RGMII0_MDI","MCU_EPHY_MDIO","Input/Output","Pull-up / Push-pull","CMOS/Automotive","Speed grade 4","","SLOW","VFLEX","PU1",""
"P13.0","G17","GPIO","MCU_ETH_3V3_EN","Output","Push-pull","CMOS/Automotive","Speed grade 4","","LVDS_TX / FAST","VEXT","PU1",""
"P13.1","F17","I2C0_SCL1 / I2C0_SCLIN","MCU_I2C0_SCL","Input/Output","Pull-up / Push-pull","CMOS/Automotive","Speed grade 4","","LVDS_TX / FAST","VEXT","PU1",""
"P13.2","G16","I2C0_SDA1 / I2C0_SDAIN","MCU_I2C0_SDA","Input/Output","Pull-up / Push-pull","CMOS/Automotive","Speed grade 4","","LVDS_TX / FAST","VEXT","PU1",""
"P13.3","F16","GPIO","MCU_I2C_MUX_INT","Input","Pull-up","CMOS/Automotive","","","LVDS_TX / FAST","VEXT","PU1",""
"P13.4","B16","CAN2_NODE3_TXD","MCU_CAN23_TXD","Output","Push-pull","CMOS/Automotive","Speed grade 4","","LVDS_TX / FAST","VEXT","PU1",""
"P13.5","A16","GPIO","MCU_LIN2_SLP","Output","Push-pull","CMOS/Automotive","Speed grade 4","","LVDS_TX / FAST","VEXT","PU1",""
"P13.6","B15","GPIO","MCU_CAN21_STB","Output","Push-pull","CMOS/Automotive","Speed grade 4","","LVDS_TX / FAST","VEXT","PU1",""
"P13.7","A15","GPIO","MCU_LIN5_SLP","Output","Push-pull","CMOS/Automotive","Speed grade 4","","LVDS_TX / FAST","VEXT","PU1",""
"P13.9","A14","CAN2_NODE1_TXD","MCU_CAN21_TXD","Output","Push-pull","CMOS/Automotive","Speed grade 4","","FAST","VEXT","PU1",""
"P13.10","B13","GPIO","MCU_CAN21_EN","Output","Push-pull","CMOS/Automotive","Speed grade 4","","SLOW","VEXT","PU1",""
"P13.11","A13","","","Input","Pull-up","CMOS/Automotive","","","SLOW","VEXT","PU1",""
"P13.12","B12","CAN2_NODE1_RXD","MCU_CAN21_RXD","Input","Pull-up","CMOS/Automotive","","","SLOW","VEXT","PU1",""
"P13.13","A12","","","Input","Pull-up","CMOS/Automotive","","","SLOW","VEXT","PU1",""
"P13.14","B11","GPIO","MCU_CAN21_ERR","Input","Pull-up","CMOS/Automotive","","","SLOW","VEXT","PU1",""
"P13.15","A11","GPIO","MCU_CAN23_EN","Output","Push-pull","CMOS/Automotive","Speed grade 4","","SLOW","VEXT","PU1",""
"P14.0","G21","CAN0_NODE1_TXD","MCU_CAN1_TXD","Output","Push-pull","CMOS/Automotive","Speed grade 4","","FAST","VEXT","PU1",""
"P14.1","F20","CAN0_NODE1_RXD","MCU_CAN1_RXD","Input","Pull-up","CMOS/Automotive","","","FAST","VEXT","PU1",""
"P14.2","K18","EVRC_EN","MCU_HWCFG2","Input","Pull-up","CMOS/Automotive","","","SLOW","VEXT","PU2",""
"P14.3","G19","PMS_HWCFG3","MCU_HWCFG3","Input","Pull-up","CMOS/Automotive","","","SLOW","VEXT","PU2",""
"P14.4","G20","PMS_HWCFG6","MCU_HWCFG6","Input","Pull-up","CMOS/Automotive","","","SLOW","VEXT","PU2",""
"P14.5","F19","EVR33_EN","MCU_HWCFG1","Input","Pull-up","CMOS/Automotive","","","FAST","VEXT","PU2",""
"P14.6","G18","","","Input","Pull-up","CMOS/Automotive","","","FAST","VEXT","PU1",""
"P14.7","J18","CAN1_NODE0_RXD","MCU_CAN10_RXD","Input","Pull-up","CMOS/Automotive","","","SLOW","VEXT","PU1",""
"P14.8","F18","CAN0_NODE2_RXD","MCU_CAN2_RXD","Input","Pull-up","CMOS/Automotive","","","SLOW","VEXT","PU1",""
"P14.9","J17","CAN1_NODE0_TXD","MCU_CAN10_TXD","Output","Push-pull","CMOS/Automotive","Speed grade 4","","LVDS_RX / FAST","VEXT","PU1",""
"P14.10","J16","CAN2_NODE3_RXD","MCU_CAN23_RXD","Input","Pull-up","CMOS/Automotive","","","LVDS_RX / FAST","VEXT","PU1",""
"P14.11","A20","GPIO","MCU_CAN22_STB","Output","Push-pull","CMOS/Automotive","Speed grade 4","","SLOW","VEXT","PU1",""
"P14.12","B19","GPIO","MCU_HBR1_DIS","Output","Push-pull","CMOS/Automotive","Speed grade 4","","SLOW","VEXT","PU1",""
"P14.13","A19","GPIO","MCU_HBR1_PWM","Output","Push-pull","CMOS/Automotive","Speed grade 4","","FAST","VEXT","PU1",""
"P14.14","B18","GPIO","MCU_HBR1_DIR","Output","Push-pull","CMOS/Automotive","Speed grade 4","","FAST","VEXT","PU1",""
"P14.15","A18","ASCLIN7_RXD","MCU_LIN7_RXD","Input","Pull-up","CMOS/Automotive","","","SLOW","VEXT","PU1",""
"P15.0","G25","CAN0_NODE2_TXD","MCU_CAN2_TXD","Output","Push-pull","CMOS/Automotive","Speed grade 4","","FAST","VEXT","PU1",""
"P15.1","F23","QSPI2_M_SEL5","MCU_SSC2_CS5","Output","Push-pull","CMOS/Automotive","Speed grade 4","","FAST","VEXT","PU1",""
"P15.2","H24","ASCLIN0_TXD","MCU_LIN0_TXD","Output","Push-pull","CMOS/Automotive","Speed grade 4","","FAST","VEXT","PU1",""
"P15.3","G22","QSPI2_M_CLK","MCU_SSC2_CLK","Output","Push-pull","CMOS/Automotive","Speed grade 4","","FAST","VEXT","PU1",""
"P15.4","F22","QSPI2_M_RXD(N)","MCU_SSC2_DI","Input","Pull-up","CMOS/Automotive","","","FAST","VEXT","PU1",""
"P15.5","K19","GPIO","MCU_AB_RST","Output","Push-pull","CMOS/Automotive","Speed grade 4","","FAST","VEXT","PU1",""
"P15.6","F21","QSPI2_M_TXD","MCU_SSC2_DO","Output","Push-pull","CMOS/Automotive","Speed grade 4","","FAST","VEXT","PU1",""
"P15.7","J20","GPIO","MCU_AB_EN1","Output","Push-pull","CMOS/Automotive","Speed grade 4","","FAST","VEXT","PU1",""
"P15.8","J19","GPIO","MCU_AB_EN2","Output","Push-pull","CMOS/Automotive","Speed grade 4","","FAST","VEXT","PU1",""
"P15.10","B24","GPIO","MCU_AB_EN3","Output","Push-pull","CMOS/Automotive","Speed grade 4","","LVDS_TX / FAST","VEXT","PU1",""
"P15.11","A24","GPIO","MCU_CAN22_EN","Output","Push-pull","CMOS/Automotive","Speed grade 4","","LVDS_TX / FAST","VEXT","PU1",""
"P15.12","B23","GPIO","MCU_AB_EN4","Output","Push-pull","CMOS/Automotive","Speed grade 4","","LVDS_TX / FAST","VEXT","PU1",""
"P15.13","A23","GPIO","MCU_CAN22_ERR","Input","Pull-up","CMOS/Automotive","","","LVDS_TX / FAST","VEXT","PU1",""
"P15.14","B22","","","Input","Pull-up","CMOS/Automotive","","","FAST","VEXT","PU1",""
"P15.15","A22","","","Input","Pull-up","CMOS/Automotive","","","FAST","VEXT","PU1",""
"P20.0","N25","GPIO","MCU_CAN12_EN","Output","Push-pull","CMOS/Automotive","Speed grade 4","","FAST","VEXT","PU1",""
"P20.1","M24","GPIO","MCU_CAN1_EN","Output","Push-pull","CMOS/Automotive","Speed grade 4","","SLOW","VEXT","PU1",""
"P20.2","N24","PMS_TESTMODE","","Input","Pull-up","CMOS/Automotive","","","S","VEXT","PU",""
"P20.3","M25","","","Input","Pull-up","CMOS/Automotive","","","SLOW","VEXT","PU1",""
"P20.6","L22","CAN1_NODE2_RXD","MCU_CAN12_RXD","Input","Pull-up","CMOS/Automotive","","","SLOW","VEXT","PU1",""
"P20.7","L24","CAN1_NODE2_TXD","MCU_CAN12_TXD","Output","Push-pull","CMOS/Automotive","Speed grade 4","","FAST","VEXT","PU1",""
"P20.8","L25","QSPI1_M_SEL0","MCU_SSC1_CS0","Output","Push-pull","CMOS/Automotive","Speed grade 4","","FAST","VEXT","PU1",""
"P20.9","K22","CAN0_NODE3_RXD","MCU_CAN3_RXD","Input","Pull-up","CMOS/Automotive","","","FAST","VEXT","PU1",""
"P20.10","K24","CAN0_NODE3_TXD","MCU_CAN3_TXD","Output","Push-pull","CMOS/Automotive","Speed grade 4","","FAST","VEXT","PU1",""
"P20.11","K25","QSPI0_M_CLK","MCU_SPI0_CLK","Output","Push-pull","CMOS/Automotive","Speed grade 4","","FAST","VEXT","PU1",""
"P20.12","J24","QSPI0_M_TXD","MCU_SPI0_DATAO","Output","Push-pull","CMOS/Automotive","Speed grade 4","","FAST","VEXT","PU1",""
"P20.13","J25","","","Input","Pull-up","CMOS/Automotive","","","FAST","VEXT","PU1",""
"P20.14","H25","","","Input","Pull-up","CMOS/Automotive","","","FAST","VEXT","PU1",""
"P21.0","R22","ASCLIN11_TXD","MCU_LIN11_TXD","Output","Push-pull","CMOS/Automotive","Speed grade 4","","LVDS_RX / FAST","VEXT","PU1",""
"P21.1","P22","ASCLIN11_RXD","MCU_LIN11_RXD","Input","Pull-up","CMOS/Automotive","","","LVDS_RX / FAST","VEXT","PU1",""
"P21.2","R24","","","Input","Pull-up","CMOS/Automotive","","","LVDS_RX / FAST","VEXT","PU1",""
"P21.3","P24","GPIO","MCU_CAN3_ERR","Input","Pull-up","CMOS/Automotive","","","LVDS_RX / FAST","VEXT","PU1",""
"P21.4","R25","GPIO","MCU_LSD1_RELAY_EN","Output","Push-pull","CMOS/Automotive","Speed grade 4","","LVDS_TX / FAST","VEXT","PU1",""
"P21.5","P25","GPIO","MCU_LSD1_EN","Output","Push-pull","CMOS/Automotive","Speed grade 4","","LVDS_TX / FAST","VEXT","PU1",""
"P21.6/TDI","N22","JTAG_TDI","MCU_TDI","Input","Pull-up","CMOS/Automotive","","","FAST","VEXT","PD / PU2",""
"P21.7/TDO","N21","JTAG_TDO","MCU_TDO","Output","Push-pull","CMOS/Automotive","Speed grade 4","","FAST","VEXT","PU2",""
"P22.0","W25","GPIO","MCU_EFUSE1_IN","Output","Push-pull","CMOS/Automotive","Speed grade 4","","LVDS_TX / FAST","VEXT","PU1",""
"P22.1","W24","GPIO","MCU_CAN23_STB","Output","Push-pull","CMOS/Automotive","Speed grade 4","","LVDS_TX / FAST","VEXT","PU1",""
"P22.2","Y25","","","Input","Pull-up","CMOS/Automotive","","","LVDS_TX / FAST","VEXT","PU1",""
"P22.3","Y24","","","Input","Pull-up","CMOS/Automotive","","","LVDS_TX / FAST","VEXT","PU1",""
"P22.4","W21","CAN1_NODE3_TXD","MCU_CAN13_TXD","Output","Push-pull","CMOS/Automotive","Speed grade 3","","FAST","VEXT","PU1",""
"P22.5","W22","CAN1_NODE3_RXD","MCU_CAN13_RXD","Input","Pull-up","CMOS/Automotive","","","FAST","VEXT","PU1",""
"P22.6","V21","GPIO","MCU_CAN12_ERR","Input","Pull-up","CMOS/Automotive","","","SLOW","VEXT","PU1",""
"P22.7","V22","GPIO","MCU_LIN4_SLP","Output","Push-pull","CMOS/Automotive","Speed grade 4","","SLOW","VEXT","PU1",""
"P22.8","U21","GPIO","MCU_LIN11_SLP","Output","Push-pull","CMOS/Automotive","Speed grade 4","","SLOW","VEXT","PU1",""
"P22.9","U22","ASCLIN4_RXD","MCU_LIN4_RXD","Input","Pull-up","CMOS/Automotive","","","SLOW","VEXT","PU1",""
"P22.10","T21","ASCLIN4_TXD","MCU_LIN4_TXD","Output","Push-pull","CMOS/Automotive","Speed grade 4","","SLOW","VEXT","PU1",""
"P22.11","T22","GPIO","MCU_EFUSE1_WAKE","Input","Pull-up","CMOS/Automotive","","","SLOW","VEXT","PU1",""
"P23.0","AC25","GPIO","MCU_EFUSE1_DEN","Output","Push-pull","CMOS/Automotive","Speed grade 4","","SLOW","VEXT","PU1",""
"P23.1","AB24","GPIO","MCU_RST_AIRPRESSURE_EN","Output","Push-pull","CMOS/Automotive","Speed grade 4","","FAST","VEXT","PU1",""
"P23.2","AB25","GPIO","MCU_CAN1_ERR","Input","Pull-up","CMOS/Automotive","","","SLOW","VEXT","PU1",""
"P23.3","AA24","GPIO","MCU_EFUSE1_RELAY_EN","Output","Push-pull","CMOS/Automotive","Speed grade 4","","SLOW","VEXT","PU1",""
"P23.4","AA25","","","Input","Pull-up","CMOS/Automotive","","","FAST","VEXT","PU1",""
"P23.5","AA22","","","Input","Pull-up","CMOS/Automotive","","","FAST","VEXT","PU1",""
"P23.6","Y22","CAN1_NODE1_TXD","MCU_CAN11_TXD","Output","Push-pull","CMOS/Automotive","Speed grade 4","","SLOW","VEXT","PU1",""
"P23.7","Y21","CAN1_NODE1_RXD","MCU_CAN11_RXD","Input","Pull-up","CMOS/Automotive","","","SLOW","VEXT","PU1",""
"P24.0","U29","","","Input","Pull-up","CMOS/Automotive","","","FAST","VEBU","PU1",""
"P24.1","U30","","","Input","Pull-up","CMOS/Automotive","","","FAST","VEBU","PU1",""
"P24.2","T29","GPIO","MCU_CAN23_ERR","Input","Pull-up","CMOS/Automotive","","","FAST","VEBU","PU1",""
"P24.3","T30","GPIO","MCU_CAN1_STB","Output","Push-pull","CMOS/Automotive","Speed grade 4","","FAST","VEBU","PU1",""
"P24.4","R29","","","Input","Pull-up","CMOS/Automotive","","","FAST","VEBU","PU1",""
"P24.5","R30","","","Input","Pull-up","CMOS/Automotive","","","FAST","VEBU","PU1",""
"P24.6","P29","GPIO","MCU_CAN10_STB","Output","Push-pull","CMOS/Automotive","Speed grade 4","","FAST","VEBU","PU1",""
"P24.7","P30","GPIO","MCU_SYS_5VS_EN","Output","Push-pull","CMOS/Automotive","Speed grade 4","","FAST","VEBU","PU1",""
"P24.8","N29","","","Input","Pull-up","CMOS/Automotive","","","FAST","VEBU","PU1",""
"P24.9","N30","","","Input","Pull-up","CMOS/Automotive","","","FAST","VEBU","PU1",""
"P24.10","M29","GPIO","MCU_SYS_3V3S_EN","Output","Push-pull","CMOS/Automotive","Speed grade 4","","FAST","VEBU","PU1",""
"P24.11","M30","","","Input","Pull-up","CMOS/Automotive","","","FAST","VEBU","PU1",""
"P24.12","L29","GPIO","MCU_CAN2_ERR","Input","Pull-up","CMOS/Automotive","","","FAST","VEBU","PU1",""
"P24.13","L30","","","Input","Pull-up","CMOS/Automotive","","","FAST","VEBU","PU1",""
"P24.14","K29","GPIO","MCU_CAN12_STB","Output","Push-pull","CMOS/Automotive","Speed grade 4","","FAST","VEBU","PU1",""
"P24.15","K30","GPIO","MCU_LED_EN1","Output","Push-pull","CMOS/Automotive","Speed grade 4","","FAST","VEBU","PU1",""
"P25.0","AG30","GPIO","MCU_LED_EN2","Output","Push-pull","CMOS/Automotive","Speed grade 4","","FAST","VEBU","PU1",""
"P25.1","AF30","GPIO","PIN_7_SEG_D1_D","Output","Push-pull","CMOS/Automotive","Speed grade 4","","FAST","VEBU","PU1",""
"P25.2","AF29","GPIO","PIN_7_SEG_D1_C","Output","Push-pull","CMOS/Automotive","Speed grade 4","","FAST","VEBU","PU1",""
"P25.3","AE30","GPIO","PIN_7_SEG_D1_E","Output","Push-pull","CMOS/Automotive","Speed grade 4","","FAST","VEBU","PU1",""
"P25.4","AE29","GPIO","PIN_7_SEG_D1_G","Output","Push-pull","CMOS/Automotive","Speed grade 4","","FAST","VEBU","PU1",""
"P25.5","AD30","GPIO","PIN_7_SEG_D1_F","Output","Push-pull","CMOS/Automotive","Speed grade 4","","FAST","VEBU","PU1",""
"P25.6","W29","GPIO","TB_SW_VER_D0","Input","Pull-up","CMOS/Automotive","","","FAST","VEBU","PU1",""
"P25.7","AD29","GPIO","PIN_7_SEG_D1_B","Output","Push-pull","CMOS/Automotive","Speed grade 4","","FAST","VEBU","PU1",""
"P25.8","AC29","GPIO","PIN_7_SEG_D1_A","Output","Push-pull","CMOS/Automotive","Speed grade 4","","FAST","VEBU","PU1",""
"P25.9","AC30","GPIO","PIN_7_SEG_D1_DOT","Output","Push-pull","CMOS/Automotive","Speed grade 4","","FAST","VEBU","PU1",""
"P25.10","AB29","","","Input","Pull-up","CMOS/Automotive","","","FAST","VEBU","PU1",""
"P25.11","AB30","","","Input","Pull-up","CMOS/Automotive","","","FAST","VEBU","PU1",""
"P25.12","AA29","","","Input","Pull-up","CMOS/Automotive","","","FAST","VEBU","PU1",""
"P25.13","AA30","","","Input","Pull-up","CMOS/Automotive","","","FAST","VEBU","PU1",""
"P25.14","Y29","GPIO","MCU_CAN3_STB","Output","Push-pull","CMOS/Automotive","Speed grade 4","","FAST","VEBU","PU1",""
"P25.15","Y30","","","Input","Pull-up","CMOS/Automotive","","","FAST","VEBU","PU1",""
"P26.0","AG29","GPIO","TB_SW_VER_D1","Input","Pull-up","CMOS/Automotive","","","SLOW","VEBU","PU1",""
"P30.0","AJ21","GPIO","MCU_CAN1_EN_STATUS","Input","Pull-up","CMOS/Automotive","","","FAST","VEBU","PU1",""
"P30.1","AK21","","","Input","Pull-up","CMOS/Automotive","","","FAST","VEBU","PU1",""
"P30.2","AJ22","GPIO","TB_SW_VER_D2","Input","Pull-up","CMOS/Automotive","","","FAST","VEBU","PU1",""
"P30.3","AK22","GPIO","MCU_HSD1_RELAY_EN","Output","Push-pull","CMOS/Automotive","Speed grade 4","","FAST","VEBU","PU1",""
"P30.4","AJ23","","","Input","Pull-up","CMOS/Automotive","","","FAST","VEBU","PU1",""
"P30.5","AK23","GPIO","MCU_HSD1_DEN","Output","Push-pull","CMOS/Automotive","Speed grade 4","","FAST","VEBU","PU1",""
"P30.6","AJ24","GPIO","TB_SW_VER_D3","Input","Pull-up","CMOS/Automotive","","","FAST","VEBU","PU1",""
"P30.7","AK24","","","Input","Pull-up","CMOS/Automotive","","","FAST","VEBU","PU1",""
"P30.8","AJ25","","","Input","Pull-up","CMOS/Automotive","","","FAST","VEBU","PU1",""
"P30.9","AK25","","","Input","Pull-up","CMOS/Automotive","","","FAST","VEBU","PU1",""
"P30.10","AJ26","","","Input","Pull-up","CMOS/Automotive","","","FAST","VEBU","PU1",""
"P30.11","AK26","GPIO","MCU_CAN2_EN","Output","Push-pull","CMOS/Automotive","Speed grade 4","","FAST","VEBU","PU1",""
"P30.12","AJ27","","","Input","Pull-up","CMOS/Automotive","","","FAST","VEBU","PU1",""
"P30.13","AK27","GPIO","MCU_CAN3_EN","Output","Push-pull","CMOS/Automotive","Speed grade 4","","FAST","VEBU","PU1",""
"P30.14","AJ28","","","Input","Pull-up","CMOS/Automotive","","","FAST","VEBU","PU1",""
"P30.15","AK28","","","Input","Pull-up","CMOS/Automotive","","","FAST","VEBU","PU1",""
"P31.0","AJ12","GPIO","PIN_7_SEG_D2_G","Output","Push-pull","CMOS/Automotive","Speed grade 4","","FAST","VEBU","PU1",""
"P31.1","AK12","GPIO","PIN_7_SEG_D2_F","Output","Push-pull","CMOS/Automotive","Speed grade 4","","FAST","VEBU","PU1",""
"P31.2","AJ13","GPIO","PIN_7_SEG_D2_E","Output","Push-pull","CMOS/Automotive","Speed grade 4","","FAST","VEBU","PU1",""
"P31.3","AK13","GPIO","PIN_7_SEG_D2_C","Output","Push-pull","CMOS/Automotive","Speed grade 4","","FAST","VEBU","PU1",""
"P31.4","AJ14","GPIO","PIN_7_SEG_D2_A","Output","Push-pull","CMOS/Automotive","Speed grade 4","","FAST","VEBU","PU1",""
"P31.5","AK14","GPIO","MCU_HSD1_IN0","Output","Push-pull","CMOS/Automotive","Speed grade 4","","FAST","VEBU","PU1",""
"P31.6","AJ15","","","Input","Pull-up","CMOS/Automotive","","","FAST","VEBU","PU1",""
"P31.7","AK15","","","Input","Pull-up","CMOS/Automotive","","","FAST","VEBU","PU1",""
"P31.8","AJ16","GPIO","PIN_7_SEG_D2_DOT","Output","Push-pull","CMOS/Automotive","Speed grade 4","","FAST","VEBU","PU1",""
"P31.9","AK16","GPIO","PIN_7_SEG_D2_D","Output","Push-pull","CMOS/Automotive","Speed grade 4","","FAST","VEBU","PU1",""
"P31.10","AJ17","","","Input","Pull-up","CMOS/Automotive","","","FAST","VEBU","PU1",""
"P31.11","AK17","GPIO","PIN_7_SEG_D2_B","Output","Push-pull","CMOS/Automotive","Speed grade 4","","FAST","VEBU","PU1",""
"P31.12","AJ18","","","Input","Pull-up","CMOS/Automotive","","","FAST","VEBU","PU1",""
"P31.13","AK18","GPIO","MCU_CAN10_ERR","Input","Pull-up","CMOS/Automotive","","","FAST","VEBU","PU1",""
"P31.14","AJ19","GPIO","MCU_CAN0_STB","Output","Push-pull","CMOS/Automotive","Speed grade 4","","FAST","VEBU","PU1",""
"P31.15","AK19","GPIO","MCU_CAN10_EN","Output","Push-pull","CMOS/Automotive","Speed grade 4","","FAST","VEBU","PU1",""
"P32.0","AE22","GPIO","MCU_SW_LSCON","Output","Push-pull","CMOS/Automotive","Speed grade 4","","SLOW","VEXT","PU1",""
"P32.1","AD22","GPIO","MCU_SW_PWM","Output","Push-pull","CMOS/Automotive","Speed grade 4","","SLOW","VEXT","PU1",""
"P32.2","AE23","ASCHS3_RXD(N)","ASCHS3_RXD(N)","Input","Pull-up","CMOS/Automotive","","","SLOW","VEXT","PU1",""
"P32.3","AE24","ASCHS3_TXD","ASCHS3_TXD","Output","Push-pull","CMOS/Automotive","Speed grade 4","","SLOW","VEXT","PU1",""
"P32.4","AD23","GPIO","MCU_HBR2_SLP","Output","Push-pull","CMOS/Automotive","Speed grade 4","","FAST","VEXT","PU1",""
"P32.5","AA20","GPIO","MCU_HBR2_FAULT","Input","Pull-up","CMOS/Automotive","","","SLOW","VEXT","PU1",""
"P32.6","AB20","","","Input","Pull-up","CMOS/Automotive","","","SLOW","VEXT","PU1",""
"P32.7","AB21","","","Input","Pull-up","CMOS/Automotive","","","SLOW","VEXT","PU1",""
"P33.0","AD15","GPIO","MCU_HBR2_IN1","Output","Push-pull","CMOS/Automotive","Speed grade 4","Digital","SLOW","VEVRSB","PU1",""
"P33.1","AE15","","","Input","Pull-up","CMOS/Automotive","","Digital","SLOW","VEVRSB","PU1",""
"P33.2","AD16","GPIO","MCU_LIN0_SLP","Output","Push-pull","CMOS/Automotive","Speed grade 4","Digital","SLOW","VEVRSB","PU1",""
"P33.3","AE16","GPIO","MCU_LIN8_SLP","Output","Push-pull","CMOS/Automotive","Speed grade 4","Digital","SLOW","VEVRSB","PU1",""
"P33.4","AD17","","","Input","Pull-up","CMOS/Automotive","","Digital","SLOW","VEVRSB","PU1",""
"P33.5","AE17","QSPI1_M_SEL7","MCU_SSC1_CS7","Output","Push-pull","CMOS/Automotive","Speed grade 4","Digital","SLOW","VEVRSB","PU1",""
"P33.6","AD18","ASCLIN8_RXD","MCU_LIN8_RXD","Input","Pull-up","CMOS/Automotive","","Digital","SLOW","VEVRSB","PU1",""
"P33.7","AE18","","","Input","Pull-up","CMOS/Automotive","","Digital","SLOW","VEVRSB","PU1",""
"P33.8","AD19","","","Input","Pull-up","CMOS/Automotive","","","FAST","VEVRSB","HighZ",""
"P33.9","AE19","","","Input","Pull-up","CMOS/Automotive","","","SLOW","VEVRSB","PU1",""
"P33.10","AD20","ASCLIN0_RXD","MCU_LIN0_RXD","Input","Pull-up","CMOS/Automotive","","","FAST","VEVRSB","PU1",""
"P33.11","AE20","","","Input","Pull-up","CMOS/Automotive","","","FAST","VEVRSB","PU1",""
"P33.12","AD21","CAN2_NODE2_TXD","MCU_CAN22_TXD","Output","Push-pull","CMOS/Automotive","Speed grade 4","","FAST","VEVRSB","PU1",""
"P33.13","AE21","CAN2_NODE2_RXD","MCU_CAN22_RXD","Input","Pull-up","CMOS/Automotive","","","FAST","VEVRSB","PU1",""
"P33.14","AA19","","","Input","Pull-up","CMOS/Automotive","","","FAST","VEVRSB","PU1",""
"P33.15","AB19","","","Input","Pull-up","CMOS/Automotive","","","SLOW","VEVRSB","PU1",""
"P34.1","AB16","CAN0_NODE0_TXD","MCU_CAN0_TXD","Output","Push-pull","TTL","Speed grade 4","Digital","SLOW","VEVRSB","PU1",""
"P34.2","AA17","CAN0_NODE0_RXD","MCU_CAN0_RXD","Input","Pull-up","CMOS/Automotive","","Digital","SLOW","VEVRSB","PU1",""
"P34.3","AB17","GPIO","MCU_CAN0_EN","Output","Push-pull","CMOS/Automotive","Speed grade 4","Digital","SLOW","VEVRSB","PU1",""
"P34.4","AA18","GPIO","MCU_CAN0_ERR","Output","Push-pull","CMOS/Automotive","Speed grade 4","Digital","SLOW","VEVRSB","PU1",""
"P34.5","AB18","ASCLIN8_TXD","MCU_LIN8_TXD","Output","Push-pull","CMOS/Automotive","Speed grade 4","","FAST","VEVRSB","PU1",""
"SCR_P00.1","","","","Input","Pull-up","CMOS/Automotive","","","","","",""
"SCR_P00.4","","","","Input","Pull-up","CMOS/Automotive","","Digital","","","",""
"SCR_P00.7","","","","Input","Pull-up","CMOS/Automotive","","Digital","","","",""
"SCR_P01.1","","","","Input","Pull-up","CMOS/Automotive","","","","","",""
"SCR_P01.3","","","","Input","Pull-up","CMOS/Automotive","","","","","",""
"SCR_P01.6","","","","Input","Pull-up","CMOS/Automotive","","","","","",""
"SCR_P01.7","","","","Input","Pull-up","CMOS/Automotive","","","","","",""
"TCK","P21","JTAG_TCK","JTAG_TCK","","","","","","FAST","VEXT","PD2",""
"TMS","R21","JTAG_TMS","","","","","","","FAST","VEXT","PD2",""
"VAGND1","AE12","","","","","","","","","","",""
"VAGND2","AA7","","","","","","","","","","",""
"VAGND3","AG2","","","","","","","","","","",""
"VAREF1","AE11","","","","","","","","ˇX","","",""
"VAREF2","AA6","","","","","","","","ˇX","","",""
"VAREF3","AG1","","","","","","","","ˇX","","",""
"VDD","M18","","","","","","","","ˇX","","",""
"VDD","V12","","","","","","","","ˇX","","",""
"VDD","N19","","","","","","","","ˇX","","",""
"VDD","J21","","","","","","","","ˇX","","",""
"VDD","W13","","","","","","","","ˇX","","",""
"VDD","K20","","","","","","","","ˇX","","",""
"VDD","W18","","","","","","","","ˇX","","",""
"VDD","V19","","","","","","","","ˇX","","",""
"VDDM","AJ9","","","","","","","","ˇX","","",""
"VDDM","AE10","","","","","","","","ˇX","","",""
"VDDM","AK9","","","","","","","","ˇX","","",""
"VDDOSC","V24","","","","","","","","ˇX","","",""
"VDDP3","B28","","","","","","","","ˇX","","",""
"VDDP3","A29","","","","","","","","ˇX","","",""
"VDDP3","G23","","","","","","","","ˇX","","",""
"VDDP3","F24","","","","","","","","ˇX","","",""
"VDDSB (VDD)","N12","","","","","","","","ˇX","","",""
"VDDSB (VDD)","M13","","","","","","","","ˇX","","",""
"VEBU","J29","","","","","","","","ˇX","","",""
"VEBU","AK11","","","","","","","","ˇX","","",""
"VEBU","J30","","","","","","","","ˇX","","",""
"VEBU","AK20","","","","","","","","ˇX","","",""
"VEBU","AJ11","","","","","","","","ˇX","","",""
"VEBU","AH30","","","","","","","","ˇX","","",""
"VEBU","AK29","","","","","","","","ˇX","","",""
"VEVRSB","AA16","","","","","","","","ˇX","","",""
"VEXT","AH29","","","","","","","","ˇX","","",""
"VEXT","A2","","","","","","","","ˇX","","",""
"VEXT","B3","","","","","","","","ˇX","","",""
"VEXT","F7","","","","","","","","ˇX","","",""
"VEXT","G8","","","","","","","","ˇX","","",""
"VEXT","AJ30","","","","","","","","ˇX","","",""
"VEXT","AD25","","","","","","","","ˇX","","",""
"VEXT","AC24","","","","","","","","ˇX","","",""
"VEXTOSC","V25","","","","","","","","ˇX","","",""
"VFLEX","J10","","","","","","","","ˇX","","",""
"VSS","F25","","","","","","","","ˇX","","",""
"VSS","B29","","","","","","","","ˇX","","",""
"VSS","J22","","","","","","","","ˇX","","",""
"VSS","H29","","","","","","","","ˇX","","",""
"VSS","AJ10","","","","","","","","ˇX","","",""
"VSS","AK30","","","","","","","","ˇX","","",""
"VSS","B30","","","","","","","","ˇX","","",""
"VSS","H30","","","","","","","","ˇX","","",""
"VSS","K10","","","","","","","","ˇX","","",""
"VSS","AJ29","","","","","","","","ˇX","","",""
"VSS","J9","","","","","","","","ˇX","","",""
"VSS","B2","","","","","","","","ˇX","","",""
"VSS","M14","","","","","","","","ˇX","","",""
"VSS","M17","","","","","","","","ˇX","","",""
"VSS","U13","","","","","","","","ˇX","","",""
"VSS","U12","","","","","","","","ˇX","","",""
"VSS","U15","","","","","","","","ˇX","","",""
"VSS","W14","","","","","","","","ˇX","","",""
"VSS","U16","","","","","","","","ˇX","","",""
"VSS","AD24","","","","","","","","ˇX","","",""
"VSS","W17","","","","","","","","ˇX","","",""
"VSS","U19","","","","","","","","ˇX","","",""
"VSS","U18","","","","","","","","ˇX","","",""
"VSS","AB22","","","","","","","","ˇX","","",""
"VSS","AA21","","","","","","","","ˇX","","",""
"VSS","G24","","","","","","","","ˇX","","",""
"VSS","K21","","","","","","","","ˇX","","",""
"VSS","G7","","","","","","","","ˇX","","",""
"VSS","AK10","","","","","","","","ˇX","","",""
"VSS","A30","","","","","","","","ˇX","","",""
"VSS","P12","","","","","","","","ˇX","","",""
"VSS","N14","","","","","","","","ˇX","","",""
"VSS","N16","","","","","","","","ˇX","","",""
"VSS","P13","","","","","","","","ˇX","","",""
"VSS","N15","","","","","","","","ˇX","","",""
"VSS","R14","","","","","","","","ˇX","","",""
"VSS","P16","","","","","","","","ˇX","","",""
"VSS","R13","","","","","","","","ˇX","","",""
"VSS","P15","","","","","","","","ˇX","","",""
"VSS","N17","","","","","","","","ˇX","","",""
"VSS","T14","","","","","","","","ˇX","","",""
"VSS","R16","","","","","","","","ˇX","","",""
"VSS","P18","","","","","","","","ˇX","","",""
"VSS","T13","","","","","","","","ˇX","","",""
"VSS","R15","","","","","","","","ˇX","","",""
"VSS","V14","","","","","","","","ˇX","","",""
"VSS","T16","","","","","","","","ˇX","","",""
"VSS","R18","","","","","","","","ˇX","","",""
"VSS","AE25","","","","","","","","ˇX","","",""
"VSS","T15","","","","","","","","ˇX","","",""
"VSS","R17","","","","","","","","ˇX","","",""
"VSS","P19","","","","","","","","ˇX","","",""
"VSS","V16","","","","","","","","ˇX","","",""
"VSS","T18","","","","","","","","ˇX","","",""
"VSS","V15","","","","","","","","ˇX","","",""
"VSS","T17","","","","","","","","ˇX","","",""
"VSS","V17","","","","","","","","ˇX","","",""
"VSSM","AE9","","","","","","","","","","",""
"VSSM","AK8","","","","","","","","","","",""
"VSSM","AJ8","","","","","","","","","","",""
"VSSOSC","T25","","","","","","","","ˇX","","",""
"XTAL1","U25","","","","","","","","XTAL","VEXTOSC","",""
"XTAL2","U24","","","","","","","","XTAL","VEXTOSC","",""
"nESR0","L21","","","","","","","","FAST","VEXT","OD",""
"nESR1","M21","","","","","","","","FAST","VEXT","PU1",""
"nPORST","M22","PMS_PORST","","","","","","","PORST","VEXT","PD",""
"nTRST","T24","JTAG_TRST","JTAG_TRST","","","","","","FAST","VEXT","PU2",""
